"","name","event","timeSecs","timeMins","country","country2","year","medal","city","sex","gdp","pop","age","height","weight","dist"
"1","kenenisa bekele","10000M Men",1621.2,27.02,"ETH","Ethiopia",2008,"G","Beijing","M",7.26e+10,83200000,26,165,56,10000
"2","sileshi sihine","10000M Men",1622.8,27.0466666666667,"ETH","Ethiopia",2008,"S","Beijing","M",7.26e+10,83200000,25,168,58,10000
"3","micah kogo","10000M Men",1624.1,27.0683333333333,"KEN","Kenya",2008,"B","Beijing","M",7.6e+10,39100000,22,170,60,10000
"4","haile gebrselassie","10000M Men",1638.2,27.3033333333333,"ETH","Ethiopia",2000,"G","Sydney","M",4.01e+10,66500000,27,165,56,10000
"5","paul tergat","10000M Men",1638.3,27.305,"KEN","Kenya",2000,"S","Sydney","M",5.47e+10,31500000,31,182,62,10000
"6","assefa mezgebu","10000M Men",1639.7,27.3283333333333,"ETH","Ethiopia",2000,"B","Sydney","M",4.01e+10,66500000,22,175,55,10000
"7","khalid skah","10000M Men",1666.7,27.7783333333333,"MAR","Morocco",1992,"G","Barcelona","M",1.15e+11,25800000,25,170,60,10000
"8","richard chelimo","10000M Men",1667.7,27.795,"KEN","Kenya",1992,"S","Barcelona","M",4.59e+10,25000000,19,163,54,10000
"9","addis abebe","10000M Men",1680.1,28.0016666666667,"ETH","Ethiopia",1992,"B","Barcelona","M",2.62e+10,51600000,21,160,50,10000
"10","alberto cova","10000M Men",1667.5,27.7916666666667,"ITA","Italy",1984,"G","Los Angeles","M",1.27e+12,56900000,25,176,58,10000
"11","michael mcleod","10000M Men",1686.2,28.1033333333333,"GBR","United Kingdom",1984,"S","Los Angeles","M",1.16e+12,56400000,32,180,63,10000
"12","michael musyoki","10000M Men",1686.5,28.1083333333333,"KEN","Kenya",1984,"B","Los Angeles","M",3.33e+10,18900000,28,168,54,10000
"13","lasse viren","10000M Men",1660.4,27.6733333333333,"FIN","Finland",1976,"G","Montreal","M",8.97e+10,4730000,26,180,60,10000
"14","carlos lopes","10000M Men",1665.2,27.7533333333333,"POR","Portugal",1976,"S","Montreal","M",1.16e+11,9350000,29,167,55,10000
"15","brendan foster","10000M Men",1674.9,27.915,"GBR","United Kingdom",1976,"B","Montreal","M",1.02e+12,56200000,28,178,68,10000
"16","naftali temu","10000M Men",1767.4,29.4566666666667,"KEN","Kenya",1968,"G","Mexico","M",1.78e+10,10500000,23,174,62,10000
"17","mamo wolde","10000M Men",1768,29.4666666666667,"ETH","Ethiopia",1968,"S","Mexico","M",2.18e+10,26900000,36,170,54,10000
"18","mohamed gammoudi","10000M Men",1774.2,29.57,"TUN","Tunisia",1968,"B","Mexico","M",1.43e+10,4840000,30,172,60,10000
"19","david power","10000M Men",1718.2,28.6366666666667,"AUS","Australia",1960,"B","Rome","M",1.44e+11,10300000,32,170,63,10000
"20","alain mimoun","10000M Men",1772.8,29.5466666666667,"FRA","France",1952,"S","Helsinki","M",3.86e+11,42400000,31,170,56,10000
"21","ilmari salminen","10000M Men",1815.4,30.2566666666667,"FIN","Finland",1936,"G","Berlin","M",1.97e+10,3600000,33,181,66,10000
"22","arvo askola","10000M Men",1815.6,30.26,"FIN","Finland",1936,"S","Berlin","M",1.97e+10,3600000,26,174,65,10000
"23","volmari iso-hollo","10000M Men",1820.2,30.3366666666667,"FIN","Finland",1936,"B","Berlin","M",1.97e+10,3600000,29,176,64,10000
"24","paavo nurmi","10000M Men",1818.8,30.3133333333333,"FIN","Finland",1928,"G","Amsterdam","M",1.54e+10,3400000,30,174,65,10000
"25","ville ritola","10000M Men",1819.4,30.3233333333333,"FIN","Finland",1928,"S","Amsterdam","M",1.54e+10,3400000,32,175,66,10000
"26","edvin wide","10000M Men",1860.8,31.0133333333333,"SWE","Sweden",1928,"B","Amsterdam","M",4.07e+10,6120000,32,170,62,10000
"27","paavo nurmi","10000M Men",1905.8,31.7633333333333,"FIN","Finland",1920,"G","Antwerp","M",9.66e+09,3140000,22,174,65,10000
"28","joseph guillemot","10000M Men",1907.2,31.7866666666667,"FRA","France",1920,"S","Antwerp","M",2.05e+11,39100000,20,160,55,10000
"29","james wilson","10000M Men",1910.8,31.8466666666667,"GBR","United Kingdom",1920,"B","Antwerp","M",3.09e+11,43800000,28,173,60,10000
"30","mohamed farah","10000M Men",1650.4,27.5066666666667,"GBR","United Kingdom",2012,"G","London","M",2.18e+12,64300000,29,175,58,10000
"31","galen rupp","10000M Men",1650.9,27.515,"USA","United States",2012,"S","London","M",1.61e+13,313000000,26,181,61,10000
"32","tariku bekele","10000M Men",1651.4,27.5233333333333,"ETH","Ethiopia",2012,"B","London","M",1.06e+11,92400000,25,173,65,10000
"33","kenenisa bekele","10000M Men",1625.1,27.085,"ETH","Ethiopia",2004,"G","Athens","M",4.83e+10,74600000,22,165,56,10000
"34","sileshi sihine","10000M Men",1629.4,27.1566666666667,"ETH","Ethiopia",2004,"S","Athens","M",4.83e+10,74600000,21,168,58,10000
"35","zersenay tadese","10000M Men",1642.6,27.3766666666667,"ERI","Eritrea",2004,"B","Athens","M",5.78e+09,3860000,22,160,54,10000
"36","haile gebrselassie","10000M Men",1627.3,27.1216666666667,"ETH","Ethiopia",1996,"G","Atlanta","M",3.63e+10,59200000,23,165,56,10000
"37","paul tergat","10000M Men",1628.2,27.1366666666667,"KEN","Kenya",1996,"S","Atlanta","M",5.14e+10,28100000,27,182,62,10000
"38","salah hissou","10000M Men",1644.7,27.4116666666667,"MAR","Morocco",1996,"B","Atlanta","M",1.29e+11,27500000,24,176,62,10000
"39","miruts yifter","10000M Men",1662.7,27.7116666666667,"ETH","Ethiopia",1980,"G","Moscow","M",2.5e+10,35300000,36,162,53,10000
"40","kaarlo maaninka","10000M Men",1664.3,27.7383333333333,"FIN","Finland",1980,"S","Moscow","M",1.03e+11,4790000,26,178,61,10000
"41","mohammed kedir","10000M Men",1664.7,27.745,"ETH","Ethiopia",1980,"B","Moscow","M",2.5e+10,35300000,26,166,45,10000
"42","lasse viren","10000M Men",1658.4,27.64,"FIN","Finland",1972,"G","Munich","M",8.11e+10,4650000,23,180,60,10000
"43","emiel puttemans","10000M Men",1659.6,27.66,"BEL","Belgium",1972,"S","Munich","M",1.96e+11,9690000,24,175,68,10000
"44","miruts yifter","10000M Men",1661,27.6833333333333,"ETH","Ethiopia",1972,"B","Munich","M",2.43e+10,30100000,28,162,53,10000
"45","billy mills","10000M Men",1704.4,28.4066666666667,"USA","United States",1964,"G","Tokyo","M",4.07e+12,197000000,26,180,68,10000
"46","mohamed gammoudi","10000M Men",1704.8,28.4133333333333,"TUN","Tunisia",1964,"S","Tokyo","M",1.21e+10,4460000,26,172,60,10000
"47","ron clarke","10000M Men",1705.8,28.43,"AUS","Australia",1964,"B","Tokyo","M",1.75e+11,11100000,27,183,72,10000
"48","j„É‚≥zsef kov„É‚Åcs","10000M Men",1732.4,28.8733333333333,"HUN","Hungary",1956,"S","Melbourne / Stockholm","M",7.08e+10,9880000,30,163,50,10000
"49","allan lawrence","10000M Men",1733.6,28.8933333333333,"AUS","Australia",1956,"B","Melbourne / Stockholm","M",1.22e+11,9420000,26,171,61,10000
"50","alain mimoun","10000M Men",1847.4,30.79,"FRA","France",1948,"S","London","M",3.12e+11,41200000,27,170,56,10000
"51","bertil albertsson","10000M Men",1853.6,30.8933333333333,"SWE","Sweden",1948,"B","London","M",7.31e+10,6840000,26,177,67,10000
"52","janusz kusocinski","10000M Men",1811.4,30.19,"POL","Poland",1932,"G","Los Angeles","M",9.47e+10,29000000,25,167,72,10000
"53","volmari iso-hollo","10000M Men",1812.6,30.21,"FIN","Finland",1932,"S","Los Angeles","M",1.49e+10,3500000,25,176,64,10000
"54","lauri virtanen","10000M Men",1835,30.5833333333333,"FIN","Finland",1932,"B","Los Angeles","M",1.49e+10,3500000,27,172,68,10000
"55","ville ritola","10000M Men",1823.2,30.3866666666667,"FIN","Finland",1924,"G","Paris","M",1.22e+10,3270000,28,175,66,10000
"56","edvin wide","10000M Men",1855.2,30.92,"SWE","Sweden",1924,"S","Paris","M",3.52e+10,6020000,28,170,62,10000
"57","eero berg","10000M Men",1903,31.7166666666667,"FIN","Finland",1924,"B","Paris","M",1.22e+10,3270000,26,167,58,10000
"58","hannes kolehmainen","10000M Men",1880.8,31.3466666666667,"FIN","Finland",1912,"G","Stockholm","M",1.01e+10,3000000,22,168,57.5,10000
"59","albin stenroos","10000M Men",1941.8,32.3633333333333,"FIN","Finland",1912,"B","Stockholm","M",1.01e+10,3000000,23,173,64,10000
"60","usain bolt","100M Men",9.69,0.1615,"JAM","Jamaica",2008,"G","Beijing","M",2.41e+10,2790000,21,196,95,100
"61","richard thompson","100M Men",9.89,0.164833333333333,"TTO","Trinidad and Tobago",2008,"S","Beijing","M",4.15e+10,1320000,23,188,80,100
"62","walter dix","100M Men",9.91,0.165166666666667,"USA","United States",2008,"B","Beijing","M",1.54e+13,303000000,22,175,80,100
"63","maurice greene","100M Men",9.87,0.1645,"USA","United States",2000,"G","Sydney","M",1.31e+13,282000000,26,176,80,100
"64","ato boldon","100M Men",9.99,0.1665,"TTO","Trinidad and Tobago",2000,"S","Sydney","M",2.27e+10,1270000,26,176,75,100
"65","obadele thompson","100M Men",10.04,0.167333333333333,"BAR","Barbados",2000,"B","Sydney","M",3.79e+09,270000,24,182,78,100
"66","linford christie","100M Men",9.96,0.166,"GBR","United Kingdom",1992,"G","Barcelona","M",1.39e+12,57500000,32,189,94,100
"67","frank fredericks","100M Men",10.02,0.167,"NAM","Namibia",1992,"S","Barcelona","M",9.51e+09,1510000,24,180,73,100
"68","dennis mitchell","100M Men",10.04,0.167333333333333,"USA","United States",1992,"B","Barcelona","M",9.73e+12,257000000,26,175,70,100
"69","carl lewis","100M Men",9.99,0.1665,"USA","United States",1984,"G","Los Angeles","M",7.77e+12,239000000,23,188,80,100
"70","sam graddy","100M Men",10.19,0.169833333333333,"USA","United States",1984,"S","Los Angeles","M",7.77e+12,239000000,20,178,70,100
"71","ben johnson","100M Men",10.22,0.170333333333333,"CAN","Canada",1984,"B","Los Angeles","M",7.05e+11,25600000,22,177,75,100
"72","hasely crawford","100M Men",10.06,0.167666666666667,"TTO","Trinidad and Tobago",1976,"G","Montreal","M",1.29e+10,1030000,25,187,90,100
"73","donald quarrie","100M Men",10.08,0.168,"JAM","Jamaica",1976,"S","Montreal","M",1.7e+10,2060000,25,175,70,100
"74","jim hines","100M Men",9.9,0.165,"USA","United States",1968,"G","Mexico","M",4.94e+12,206000000,22,183,81,100
"75","lennox miller","100M Men",10,0.166666666666667,"JAM","Jamaica",1968,"S","Mexico","M",1.41e+10,1830000,22,183,79,100
"76","charlie greene","100M Men",10,0.166666666666667,"USA","United States",1968,"B","Mexico","M",4.94e+12,206000000,23,173,69,100
"77","dave sime","100M Men",10.2,0.17,"USA","United States",1960,"S","Rome","M",3.41e+12,187000000,24,189,81,100
"78","peter radford","100M Men",10.3,0.171666666666667,"GBR","United Kingdom",1960,"B","Rome","M",6.76e+11,52400000,20,180,61,100
"79","lindy remigino","100M Men",10.4,0.173333333333333,"USA","United States",1952,"G","Helsinki","M",2.71e+12,163000000,21,173,67,100
"80","herbert mckenley","100M Men",10.4,0.173333333333333,"JAM","Jamaica",1952,"S","Helsinki","M",5.18e+09,1470000,30,185,72,100
"81","emmanuel mcdonald bailey","100M Men",10.4,0.173333333333333,"GBR","United Kingdom",1952,"B","Helsinki","M",5.36e+11,50700000,31,180,65,100
"82","jesse owens","100M Men",10.3,0.171666666666667,"USA","United States",1936,"G","Berlin","M",1.29e+12,131000000,22,178,71,100
"83","ralph metcalfe","100M Men",10.4,0.173333333333333,"USA","United States",1936,"S","Berlin","M",1.29e+12,131000000,26,180,82,100
"84","percy williams","100M Men",10.8,0.18,"CAN","Canada",1928,"G","Amsterdam","M",8.57e+10,10100000,19,170,56,100
"85","jack london","100M Men",10.9,0.181666666666667,"GBR","United Kingdom",1928,"S","Amsterdam","M",3.45e+11,45600000,23,183,75,100
"86","charles paddock","100M Men",10.8,0.18,"USA","United States",1920,"G","Antwerp","M",9.6e+11,109000000,19,172,75,100
"87","morris kirksey","100M Men",10.8,0.18,"USA","United States",1920,"S","Antwerp","M",9.6e+11,109000000,24,178,77,100
"88","frank jarvis","100M Men",11,0.183333333333333,"USA","United States",1900,"G","Paris","M",5.05e+11,77800000,21,167,58,100
"89","walter tewksbury","100M Men",11.1,0.185,"USA","United States",1900,"S","Paris","M",5.05e+11,77800000,24,183,64,100
"90","stanley rowley","100M Men",11.2,0.186666666666667,"AUS","Australia",1900,"B","Paris","M",2.4e+10,3740000,23,178,71,100
"91","usain bolt","100M Men",9.63,0.1605,"JAM","Jamaica",2012,"G","London","M",2.32e+10,2840000,25,196,95,100
"92","yohan blake","100M Men",9.75,0.1625,"JAM","Jamaica",2012,"S","London","M",2.32e+10,2840000,22,180,80,100
"93","justin gatlin","100M Men",9.79,0.163166666666667,"USA","United States",2012,"B","London","M",1.61e+13,313000000,30,186,80,100
"94","justin gatlin","100M Men",9.85,0.164166666666667,"USA","United States",2004,"G","Athens","M",1.44e+13,293000000,22,186,80,100
"95","francis obikwelu","100M Men",9.86,0.164333333333333,"POR","Portugal",2004,"S","Athens","M",2.68e+11,10500000,25,195,79,100
"96","maurice greene","100M Men",9.87,0.1645,"USA","United States",2004,"B","Athens","M",1.44e+13,293000000,30,176,80,100
"97","donovan bailey","100M Men",9.84,0.164,"CAN","Canada",1996,"G","Atlanta","M",9.38e+11,29600000,28,183,82,100
"98","frank fredericks","100M Men",9.89,0.164833333333333,"NAM","Namibia",1996,"S","Atlanta","M",1.08e+10,1710000,28,180,73,100
"99","ato boldon","100M Men",9.9,0.165,"TTO","Trinidad and Tobago",1996,"B","Atlanta","M",1.79e+10,1260000,22,176,75,100
"100","allan wells","100M Men",10.25,0.170833333333333,"GBR","United Kingdom",1980,"G","Moscow","M",1.08e+12,56300000,28,183,86,100
"101","silvio leonard sarria","100M Men",10.25,0.170833333333333,"CUB","Cuba",1980,"S","Moscow","M",1.25e+11,9840000,24,173,64,100
"102","robert taylor","100M Men",10.24,0.170666666666667,"USA","United States",1972,"S","Munich","M",5.5e+12,213000000,23,183,80,100
"103","lennox miller","100M Men",10.33,0.172166666666667,"JAM","Jamaica",1972,"B","Munich","M",1.74e+10,1930000,25,183,79,100
"104","bob hayes","100M Men",10,0.166666666666667,"USA","United States",1964,"G","Tokyo","M",4.07e+12,197000000,21,183,86,100
"105","enrique figuerola","100M Men",10.2,0.17,"CUB","Cuba",1964,"S","Tokyo","M",7.52e+10,7790000,26,167,67,100
"106","harry jerome","100M Men",10.2,0.17,"CAN","Canada",1964,"B","Tokyo","M",3.17e+11,19400000,24,180,77,100
"107","bobby morrow","100M Men",10.5,0.175,"USA","United States",1956,"G","Melbourne / Stockholm","M",3.08e+12,175000000,21,186,75,100
"108","thane baker","100M Men",10.5,0.175,"USA","United States",1956,"S","Melbourne / Stockholm","M",3.08e+12,175000000,25,183,72,100
"109","hector hogan","100M Men",10.6,0.176666666666667,"AUS","Australia",1956,"B","Melbourne / Stockholm","M",1.22e+11,9420000,25,170,65,100
"110","harrison dillard","100M Men",10.3,0.171666666666667,"USA","United States",1948,"G","London","M",2.16e+12,150000000,25,178,69,100
"111","barney ewell","100M Men",10.4,0.173333333333333,"USA","United States",1948,"S","London","M",2.16e+12,150000000,30,180,71,100
"112","lloyd labeach","100M Men",10.6,0.176666666666667,"PAN","Panama",1948,"B","London","M",2.65e+09,821000,26,185,73,100
"113","eddie tolan","100M Men",10.3,0.171666666666667,"USA","United States",1932,"G","Los Angeles","M",9.96e+11,128000000,23,170,65,100
"114","ralph metcalfe","100M Men",10.3,0.171666666666667,"USA","United States",1932,"S","Los Angeles","M",9.96e+11,128000000,22,180,82,100
"115","harold abrahams","100M Men",10.6,0.176666666666667,"GBR","United Kingdom",1924,"G","Paris","M",3.17e+11,44900000,24,183,75,100
"116","jackson scholz","100M Men",10.7,0.178333333333333,"USA","United States",1924,"S","Paris","M",1.16e+12,117000000,27,172,61,100
"117","arthur porritt","100M Men",10.8,0.18,"NZL","New Zealand",1924,"B","Paris","M",1.2e+10,1350000,23,171,64,100
"118","ralph craig","100M Men",10.8,0.18,"USA","United States",1912,"G","Stockholm","M",8.05e+11,97500000,22,182,73,100
"119","alvah meyer","100M Men",10.9,0.181666666666667,"USA","United States",1912,"S","Stockholm","M",8.05e+11,97500000,23,173,65,100
"120","donald lippincott","100M Men",10.9,0.181666666666667,"USA","United States",1912,"B","Stockholm","M",8.05e+11,97500000,18,178,72,100
"121","archie hahn","100M Men",11,0.183333333333333,"USA","United States",1904,"G","St Louis","M",5.88e+11,83900000,23,167,64,100
"122","nate cartmell","100M Men",11.2,0.186666666666667,"USA","United States",1904,"S","St Louis","M",5.88e+11,83900000,21,182,71,100
"123","thomas burke","100M Men",12,0.2,"USA","United States",1896,"G","Athens","M",4.03e+11,72100000,21,183,66,100
"124","francis lane","100M Men",12.6,0.21,"USA","United States",1896,"B","Athens","M",4.03e+11,72100000,21,170,69,100
"125","asbel kipruto kiprop","1500M Men",213.1,3.55166666666667,"KEN","Kenya",2008,"G","Beijing","M",7.6e+10,39100000,19,190,63,1500
"126","nicholas willis","1500M Men",214.2,3.57,"NZL","New Zealand",2008,"S","Beijing","M",1.37e+11,4280000,25,183,68,1500
"127","medhi baala","1500M Men",214.2,3.57,"FRA","France",2008,"B","Beijing","M",2.28e+12,62300000,29,183,65,1500
"128","noah kiprono ngenyi","1500M Men",212.1,3.535,"KEN","Kenya",2000,"G","Sydney","M",5.47e+10,31500000,21,182,68,1500
"129","hicham el guerrouj","1500M Men",212.3,3.53833333333333,"MAR","Morocco",2000,"S","Sydney","M",1.34e+11,28800000,25,176,58,1500
"130","bernard lagat","1500M Men",212.4,3.54,"KEN","Kenya",2000,"B","Sydney","M",5.47e+10,31500000,25,173,58,1500
"131","fermin cacho ruiz","1500M Men",220.1,3.66833333333333,"ESP","Spain",1992,"G","Barcelona","M",8.59e+11,39500000,23,175,65,1500
"132","rachid el basir","1500M Men",220.6,3.67666666666667,"MAR","Morocco",1992,"S","Barcelona","M",1.15e+11,25800000,23,180,61,1500
"133","mohamed ahmed sulaiman","1500M Men",220.7,3.67833333333333,"QAT","Qatar",1992,"B","Barcelona","M",3.09e+10,496000,22,175,63,1500
"134","sebastian coe","1500M Men",212.5,3.54166666666667,"GBR","United Kingdom",1984,"G","Los Angeles","M",1.16e+12,56400000,27,175,54,1500
"135","steve cram","1500M Men",213.4,3.55666666666667,"GBR","United Kingdom",1984,"S","Los Angeles","M",1.16e+12,56400000,23,186,69,1500
"136","jos„É‚© manuel abascal","1500M Men",214.3,3.57166666666667,"ESP","Spain",1984,"B","Los Angeles","M",6.5e+11,38700000,26,182,67,1500
"137","john george walker","1500M Men",219.2,3.65333333333333,"NZL","New Zealand",1976,"G","Montreal","M",6.79e+10,3110000,24,183,74,1500
"138","ivo van damme","1500M Men",219.3,3.655,"BEL","Belgium",1976,"S","Montreal","M",2.26e+11,9790000,22,191,76,1500
"139","kip keino","1500M Men",214.9,3.58166666666667,"KEN","Kenya",1968,"G","Mexico","M",1.78e+10,10500000,28,173,66,1500
"140","jim ryun","1500M Men",217.8,3.63,"USA","United States",1968,"S","Mexico","M",4.94e+12,206000000,21,188,76,1500
"141","herb elliott","1500M Men",215.6,3.59333333333333,"AUS","Australia",1960,"G","Rome","M",1.44e+11,10300000,22,181,68,1500
"142","michel jazy","1500M Men",218.4,3.64,"FRA","France",1960,"S","Rome","M",5.65e+11,45900000,24,175,65,1500
"143","istv„É‚°n r„É‚ìzsav„É‚ñlgyi","1500M Men",219.2,3.65333333333333,"HUN","Hungary",1960,"B","Rome","M",8.99e+10,10000000,31,177,58,1500
"144","joseph barthel","1500M Men",225.2,3.75333333333333,"LUX","Luxembourg",1952,"G","Helsinki","M",5.44e+09,299000,25,173,68,1500
"145","robert mcmillen","1500M Men",225.2,3.75333333333333,"USA","United States",1952,"S","Helsinki","M",2.71e+12,163000000,24,180,68,1500
"146","john lovelock","1500M Men",227.8,3.79666666666667,"NZL","New Zealand",1936,"G","Berlin","M",1.59e+10,1570000,26,169,61,1500
"147","glenn cunningham","1500M Men",228.4,3.80666666666667,"USA","United States",1936,"S","Berlin","M",1.29e+12,131000000,26,178,70,1500
"148","luigi beccali","1500M Men",229.2,3.82,"ITA","Italy",1936,"B","Berlin","M",2.3e+11,42700000,28,169,63,1500
"149","harri larva","1500M Men",233.2,3.88666666666667,"FIN","Finland",1928,"G","Amsterdam","M",1.54e+10,3400000,21,180,68,1500
"150","jules ladoumegue","1500M Men",233.8,3.89666666666667,"FRA","France",1928,"S","Amsterdam","M",3.04e+11,41200000,21,171,59,1500
"151","eino purje","1500M Men",236.4,3.94,"FIN","Finland",1928,"B","Amsterdam","M",1.54e+10,3400000,28,174,67,1500
"152","albert hill","1500M Men",241.8,4.03,"GBR","United Kingdom",1920,"G","Antwerp","M",3.09e+11,43800000,31,178,72,1500
"153","lawrence shields","1500M Men",243.1,4.05166666666667,"USA","United States",1920,"B","Antwerp","M",9.6e+11,109000000,25,170,64,1500
"154","melvin sheppard","1500M Men",243.4,4.05666666666667,"USA","United States",1908,"G","London","M",6.57e+11,90600000,24,177,67,1500
"155","harold wilson","1500M Men",243.6,4.06,"GBR","United Kingdom",1908,"S","London","M",2.74e+11,41100000,23,162,52,1500
"156","norman hallows","1500M Men",244,4.06666666666667,"GBR","United Kingdom",1908,"B","London","M",2.74e+11,41100000,21,175,60,1500
"157","leonel manzano","1500M Men",214.8,3.58,"USA","United States",2012,"S","London","M",1.61e+13,313000000,27,165,57,1500
"158","abdalaati iguider","1500M Men",215.1,3.585,"MAR","Morocco",2012,"B","London","M",2.22e+11,33300000,25,173,57,1500
"159","hicham el guerrouj","1500M Men",214.2,3.57,"MAR","Morocco",2004,"G","Athens","M",1.6e+11,30200000,29,176,58,1500
"160","bernard lagat","1500M Men",214.3,3.57166666666667,"KEN","Kenya",2004,"S","Athens","M",6.21e+10,35100000,29,173,58,1500
"161","rui silva","1500M Men",214.7,3.57833333333333,"POR","Portugal",2004,"B","Athens","M",2.68e+11,10500000,27,175,65,1500
"162","fermin cacho ruiz","1500M Men",216.4,3.60666666666667,"ESP","Spain",1996,"S","Atlanta","M",9.2e+11,40000000,27,175,65,1500
"163","stephen kipkorir","1500M Men",216.7,3.61166666666667,"KEN","Kenya",1996,"B","Atlanta","M",5.14e+10,28100000,25,185,73,1500
"164","sebastian coe","1500M Men",218.4,3.64,"GBR","United Kingdom",1980,"G","Moscow","M",1.08e+12,56300000,23,175,54,1500
"165","steve ovett","1500M Men",219,3.65,"GBR","United Kingdom",1980,"B","Moscow","M",1.08e+12,56300000,24,183,70,1500
"166","pekka vasala","1500M Men",216.3,3.605,"FIN","Finland",1972,"G","Munich","M",8.11e+10,4650000,24,184,64,1500
"167","kip keino","1500M Men",216.8,3.61333333333333,"KEN","Kenya",1972,"S","Munich","M",2.01e+10,12100000,32,173,66,1500
"168","rodney dixon","1500M Men",217.5,3.625,"NZL","New Zealand",1972,"B","Munich","M",5.99e+10,2930000,22,186,70,1500
"169","peter snell","1500M Men",218.1,3.635,"NZL","New Zealand",1964,"G","Tokyo","M",4.64e+10,2580000,25,179,80,1500
"170","john davies","1500M Men",219.6,3.66,"NZL","New Zealand",1964,"B","Tokyo","M",4.64e+10,2580000,26,185,68,1500
"171","ron delany","1500M Men",221.2,3.68666666666667,"IRL","Ireland",1956,"G","Melbourne / Stockholm","M",1.94e+10,2880000,21,184,75,1500
"172","john landy","1500M Men",222,3.7,"AUS","Australia",1956,"B","Melbourne / Stockholm","M",1.22e+11,9420000,26,182,69,1500
"173","henry eriksson","1500M Men",229.8,3.83,"SWE","Sweden",1948,"G","London","M",7.31e+10,6840000,28,184,73,1500
"174","lennart strand","1500M Men",230.4,3.84,"SWE","Sweden",1948,"S","London","M",7.31e+10,6840000,27,173,61,1500
"175","luigi beccali","1500M Men",231.2,3.85333333333333,"ITA","Italy",1932,"G","Los Angeles","M",2.03e+11,41400000,24,169,63,1500
"176","john cornes","1500M Men",232.6,3.87666666666667,"GBR","United Kingdom",1932,"S","Los Angeles","M",3.36e+11,46400000,22,182,70,1500
"177","paavo nurmi","1500M Men",233.6,3.89333333333333,"FIN","Finland",1924,"G","Paris","M",1.22e+10,3270000,26,174,65,1500
"178","henry stallard","1500M Men",235.6,3.92666666666667,"GBR","United Kingdom",1924,"B","Paris","M",3.17e+11,44900000,23,186,75,1500
"179","arnold jackson","1500M Men",236.8,3.94666666666667,"GBR","United Kingdom",1912,"G","Stockholm","M",3.02e+11,42400000,21,176,67,1500
"180","abel kiviat","1500M Men",236.9,3.94833333333333,"USA","United States",1912,"S","Stockholm","M",8.05e+11,97500000,19,172,66,1500
"181","norman taber","1500M Men",236.9,3.94833333333333,"USA","United States",1912,"B","Stockholm","M",8.05e+11,97500000,20,174,52,1500
"182","james lightbody","1500M Men",245.4,4.09,"USA","United States",1904,"G","St Louis","M",5.88e+11,83900000,22,173,61,1500
"183","usain bolt","200M Men",19.3,0.321666666666667,"JAM","Jamaica",2008,"G","Beijing","M",2.41e+10,2790000,21,196,95,200
"184","shawn crawford","200M Men",19.96,0.332666666666667,"USA","United States",2008,"S","Beijing","M",1.54e+13,303000000,30,181,86,200
"185","walter dix","200M Men",19.98,0.333,"USA","United States",2008,"B","Beijing","M",1.54e+13,303000000,22,175,80,200
"186","darren campbell","200M Men",20.14,0.335666666666667,"GBR","United Kingdom",2000,"S","Sydney","M",1.83e+12,59000000,27,183,83,200
"187","ato boldon","200M Men",20.2,0.336666666666667,"TTO","Trinidad and Tobago",2000,"B","Sydney","M",2.27e+10,1270000,26,176,75,200
"188","michael marsh","200M Men",20.01,0.3335,"USA","United States",1992,"G","Barcelona","M",9.73e+12,257000000,24,178,75,200
"189","frank fredericks","200M Men",20.13,0.3355,"NAM","Namibia",1992,"S","Barcelona","M",9.51e+09,1510000,24,180,73,200
"190","michael bates","200M Men",20.38,0.339666666666667,"USA","United States",1992,"B","Barcelona","M",9.73e+12,257000000,22,180,86,200
"191","carl lewis","200M Men",19.8,0.33,"USA","United States",1984,"G","Los Angeles","M",7.77e+12,239000000,23,188,80,200
"192","kirk baptiste","200M Men",19.96,0.332666666666667,"USA","United States",1984,"S","Los Angeles","M",7.77e+12,239000000,22,184,79,200
"193","thomas jefferson","200M Men",20.26,0.337666666666667,"USA","United States",1984,"B","Los Angeles","M",7.77e+12,239000000,22,183,75,200
"194","donald quarrie","200M Men",20.23,0.337166666666667,"JAM","Jamaica",1976,"G","Montreal","M",1.7e+10,2060000,25,175,70,200
"195","millard frank jr. hampton","200M Men",20.29,0.338166666666667,"USA","United States",1976,"S","Montreal","M",6.07e+12,221000000,20,180,75,200
"196","dwayne eugene evans","200M Men",20.43,0.3405,"USA","United States",1976,"B","Montreal","M",6.07e+12,221000000,17,183,66,200
"197","tommie smith","200M Men",19.8,0.33,"USA","United States",1968,"G","Mexico","M",4.94e+12,206000000,24,191,84,200
"198","peter norman","200M Men",20,0.333333333333333,"AUS","Australia",1968,"S","Mexico","M",2.17e+11,12300000,26,178,73,200
"199","john carlos","200M Men",20,0.333333333333333,"USA","United States",1968,"B","Mexico","M",4.94e+12,206000000,23,193,85,200
"200","livio berruti","200M Men",20.5,0.341666666666667,"ITA","Italy",1960,"G","Rome","M",4.63e+11,49700000,21,180,66,200
"201","lester nelson carney","200M Men",20.6,0.343333333333333,"USA","United States",1960,"S","Rome","M",3.41e+12,187000000,26,178,75,200
"202","abdoulaye seye","200M Men",20.7,0.345,"FRA","France",1960,"B","Rome","M",5.65e+11,45900000,26,174,68,200
"203","andy stanfield","200M Men",20.7,0.345,"USA","United States",1952,"G","Helsinki","M",2.71e+12,163000000,24,187,79,200
"204","thane baker","200M Men",20.8,0.346666666666667,"USA","United States",1952,"S","Helsinki","M",2.71e+12,163000000,20,183,72,200
"205","james gathers","200M Men",20.8,0.346666666666667,"USA","United States",1952,"B","Helsinki","M",2.71e+12,163000000,22,181,69,200
"206","jesse owens","200M Men",20.7,0.345,"USA","United States",1936,"G","Berlin","M",1.29e+12,131000000,22,178,71,200
"207","matthew mackenzie robinson","200M Men",21.1,0.351666666666667,"USA","United States",1936,"S","Berlin","M",1.29e+12,131000000,22,186,77,200
"208","percy williams","200M Men",21.8,0.363333333333333,"CAN","Canada",1928,"G","Amsterdam","M",8.57e+10,10100000,19,170,56,200
"209","walter rangeley","200M Men",21.9,0.365,"GBR","United Kingdom",1928,"S","Amsterdam","M",3.45e+11,45600000,24,174,65,200
"210","allen woodring","200M Men",22,0.366666666666667,"USA","United States",1920,"G","Antwerp","M",9.6e+11,109000000,22,180,73,200
"211","charles paddock","200M Men",22.1,0.368333333333333,"USA","United States",1920,"S","Antwerp","M",9.6e+11,109000000,19,172,75,200
"212","robert kerr","200M Men",22.6,0.376666666666667,"CAN","Canada",1908,"G","London","M",3.99e+10,6750000,25,171,66,200
"213","walter tewksbury","200M Men",22.2,0.37,"USA","United States",1900,"G","Paris","M",5.05e+11,77800000,24,183,64,200
"214","stanley rowley","200M Men",22.9,0.381666666666667,"AUS","Australia",1900,"B","Paris","M",2.4e+10,3740000,23,178,71,200
"215","usain bolt","200M Men",19.32,0.322,"JAM","Jamaica",2012,"G","London","M",2.32e+10,2840000,25,196,95,200
"216","yohan blake","200M Men",19.44,0.324,"JAM","Jamaica",2012,"S","London","M",2.32e+10,2840000,22,180,80,200
"217","warren weir","200M Men",19.84,0.330666666666667,"JAM","Jamaica",2012,"B","London","M",2.32e+10,2840000,22,178,75,200
"218","shawn crawford","200M Men",19.79,0.329833333333333,"USA","United States",2004,"G","Athens","M",1.44e+13,293000000,26,181,86,200
"219","bernard williams iii","200M Men",20.01,0.3335,"USA","United States",2004,"S","Athens","M",1.44e+13,293000000,26,183,81,200
"220","justin gatlin","200M Men",20.03,0.333833333333333,"USA","United States",2004,"B","Athens","M",1.44e+13,293000000,22,186,80,200
"221","michael johnson","200M Men",19.32,0.322,"USA","United States",1996,"G","Atlanta","M",1.1e+13,269000000,28,183,77,200
"222","frank fredericks","200M Men",19.68,0.328,"NAM","Namibia",1996,"S","Atlanta","M",1.08e+10,1710000,28,180,73,200
"223","ato boldon","200M Men",19.8,0.33,"TTO","Trinidad and Tobago",1996,"B","Atlanta","M",1.79e+10,1260000,22,176,75,200
"224","pietro mennea","200M Men",20.19,0.3365,"ITA","Italy",1980,"G","Moscow","M",1.16e+12,56400000,28,180,73,200
"225","allan wells","200M Men",20.21,0.336833333333333,"GBR","United Kingdom",1980,"S","Moscow","M",1.08e+12,56300000,28,183,86,200
"226","donald quarrie","200M Men",20.29,0.338166666666667,"JAM","Jamaica",1980,"B","Moscow","M",1.56e+10,2160000,29,175,70,200
"227","larry black","200M Men",20.19,0.3365,"USA","United States",1972,"S","Munich","M",5.5e+12,213000000,21,186,80,200
"228","pietro mennea","200M Men",20.3,0.338333333333333,"ITA","Italy",1972,"B","Munich","M",8.47e+11,54300000,20,180,73,200
"229","henry carr","200M Men",20.3,0.338333333333333,"USA","United States",1964,"G","Tokyo","M",4.07e+12,197000000,21,191,84,200
"230","paul drayton","200M Men",20.5,0.341666666666667,"USA","United States",1964,"S","Tokyo","M",4.07e+12,197000000,25,183,73,200
"231","edwin roberts","200M Men",20.6,0.343333333333333,"TTO","Trinidad and Tobago",1964,"B","Tokyo","M",7.71e+09,903000,23,173,68,200
"232","bobby morrow","200M Men",20.6,0.343333333333333,"USA","United States",1956,"G","Melbourne / Stockholm","M",3.08e+12,175000000,21,186,75,200
"233","andy stanfield","200M Men",20.7,0.345,"USA","United States",1956,"S","Melbourne / Stockholm","M",3.08e+12,175000000,28,187,79,200
"234","thane baker","200M Men",20.9,0.348333333333333,"USA","United States",1956,"B","Melbourne / Stockholm","M",3.08e+12,175000000,25,183,72,200
"235","mel patton","200M Men",21.1,0.351666666666667,"USA","United States",1948,"G","London","M",2.16e+12,150000000,23,185,72,200
"236","barney ewell","200M Men",21.1,0.351666666666667,"USA","United States",1948,"S","London","M",2.16e+12,150000000,30,180,71,200
"237","lloyd labeach","200M Men",21.2,0.353333333333333,"PAN","Panama",1948,"B","London","M",2.65e+09,821000,26,185,73,200
"238","eddie tolan","200M Men",21.2,0.353333333333333,"USA","United States",1932,"G","Los Angeles","M",9.96e+11,128000000,23,170,65,200
"239","george simpson","200M Men",21.4,0.356666666666667,"USA","United States",1932,"S","Los Angeles","M",9.96e+11,128000000,23,180,75,200
"240","ralph metcalfe","200M Men",21.5,0.358333333333333,"USA","United States",1932,"B","Los Angeles","M",9.96e+11,128000000,22,180,82,200
"241","jackson scholz","200M Men",21.6,0.36,"USA","United States",1924,"G","Paris","M",1.16e+12,117000000,27,172,61,200
"242","charles paddock","200M Men",21.7,0.361666666666667,"USA","United States",1924,"S","Paris","M",1.16e+12,117000000,23,172,75,200
"243","eric liddell","200M Men",21.9,0.365,"GBR","United Kingdom",1924,"B","Paris","M",3.17e+11,44900000,22,173,68,200
"244","ralph craig","200M Men",21.7,0.361666666666667,"USA","United States",1912,"G","Stockholm","M",8.05e+11,97500000,22,182,73,200
"245","donald lippincott","200M Men",21.8,0.363333333333333,"USA","United States",1912,"S","Stockholm","M",8.05e+11,97500000,18,178,72,200
"246","william applegarth","200M Men",22,0.366666666666667,"GBR","United Kingdom",1912,"B","Stockholm","M",3.02e+11,42400000,21,170,59,200
"247","archie hahn","200M Men",21.6,0.36,"USA","United States",1904,"G","St Louis","M",5.88e+11,83900000,23,167,64,200
"248","nate cartmell","200M Men",21.9,0.365,"USA","United States",1904,"S","St Louis","M",5.88e+11,83900000,21,182,71,200
"249","lashawn merritt","400M Men",43.75,0.729166666666667,"USA","United States",2008,"G","Beijing","M",1.54e+13,303000000,22,191,86,400
"250","jeremy wariner","400M Men",44.74,0.745666666666667,"USA","United States",2008,"S","Beijing","M",1.54e+13,303000000,24,188,71,400
"251","david neville","400M Men",44.8,0.746666666666667,"USA","United States",2008,"B","Beijing","M",1.54e+13,303000000,24,193,77,400
"252","michael johnson","400M Men",43.84,0.730666666666667,"USA","United States",2000,"G","Sydney","M",1.31e+13,282000000,33,183,77,400
"253","alvin harrison","400M Men",44.4,0.74,"USA","United States",2000,"S","Sydney","M",1.31e+13,282000000,26,188,80,400
"254","greg haughton","400M Men",44.7,0.745,"JAM","Jamaica",2000,"B","Sydney","M",2.18e+10,2660000,26,185,79,400
"255","quincy watts","400M Men",43.5,0.725,"USA","United States",1992,"G","Barcelona","M",9.73e+12,257000000,22,190,88,400
"256","steve lewis","400M Men",44.21,0.736833333333333,"USA","United States",1992,"S","Barcelona","M",9.73e+12,257000000,23,188,84,400
"257","samson kitur","400M Men",44.24,0.737333333333333,"KEN","Kenya",1992,"B","Barcelona","M",4.59e+10,25000000,26,186,77,400
"258","alonzo babers","400M Men",44.27,0.737833333333333,"USA","United States",1984,"G","Los Angeles","M",7.77e+12,239000000,22,188,70,400
"259","gabriel tiacoh","400M Men",44.54,0.742333333333333,"CIV","Cote d'Ivoire",1984,"S","Los Angeles","M",3.17e+10,9830000,20,180,75,400
"260","antonio mckay","400M Men",44.71,0.745166666666667,"USA","United States",1984,"B","Los Angeles","M",7.77e+12,239000000,20,183,77,400
"261","alberto juantorena","400M Men",44.26,0.737666666666667,"CUB","Cuba",1976,"G","Montreal","M",1.12e+11,9540000,25,190,84,400
"262","frederick vaughn newhouse","400M Men",44.4,0.74,"USA","United States",1976,"S","Montreal","M",6.07e+12,221000000,27,175,68,400
"263","herman ronald frazier","400M Men",44.95,0.749166666666667,"USA","United States",1976,"B","Montreal","M",6.07e+12,221000000,21,184,73,400
"264","lee evans","400M Men",43.8,0.73,"USA","United States",1968,"G","Mexico","M",4.94e+12,206000000,21,180,78,400
"265","larry james","400M Men",43.9,0.731666666666667,"USA","United States",1968,"S","Mexico","M",4.94e+12,206000000,20,181,70,400
"266","ron freeman","400M Men",44.4,0.74,"USA","United States",1968,"B","Mexico","M",4.94e+12,206000000,21,183,82,400
"267","otis davis","400M Men",44.9,0.748333333333333,"USA","United States",1960,"G","Rome","M",3.41e+12,187000000,28,185,74,400
"268","george rhoden","400M Men",45.9,0.765,"JAM","Jamaica",1952,"G","Helsinki","M",5.18e+09,1470000,25,178,68,400
"269","herbert mckenley","400M Men",45.9,0.765,"JAM","Jamaica",1952,"S","Helsinki","M",5.18e+09,1470000,30,185,72,400
"270","ollie matson","400M Men",46.8,0.78,"USA","United States",1952,"B","Helsinki","M",2.71e+12,163000000,22,188,89,400
"271","archibald franklin williams","400M Men",46.5,0.775,"USA","United States",1936,"G","Berlin","M",1.29e+12,131000000,21,183,80,400
"272","godfrey brown","400M Men",46.7,0.778333333333333,"GBR","United Kingdom",1936,"S","Berlin","M",4e+11,47200000,21,183,70,400
"273","james ellis lu valle","400M Men",46.8,0.78,"USA","United States",1936,"B","Berlin","M",1.29e+12,131000000,23,185,73,400
"274","raymond james barbuti","400M Men",47.8,0.796666666666667,"USA","United States",1928,"G","Amsterdam","M",1.29e+12,123000000,22,183,82,400
"275","james ball","400M Men",48,0.8,"CAN","Canada",1928,"S","Amsterdam","M",8.57e+10,10100000,25,180,69,400
"276","nils engdahl","400M Men",50,0.833333333333333,"SWE","Sweden",1920,"B","Antwerp","M",3.06e+10,5870000,21,165,57,400
"277","maxwell warburn long","400M Men",49.4,0.823333333333333,"USA","United States",1900,"G","Paris","M",5.05e+11,77800000,21,182,75,400
"278","luguelin santos","400M Men",44.46,0.741,"DOM","Dominican Republic",2012,"S","London","M",1.12e+11,10200000,18,173,58,400
"279","lalonde gordon","400M Men",44.52,0.742,"TTO","Trinidad and Tobago",2012,"B","London","M",3.92e+10,1340000,23,179,83,400
"280","jeremy wariner","400M Men",44,0.733333333333333,"USA","United States",2004,"G","Athens","M",1.44e+13,293000000,20,188,71,400
"281","otis harris","400M Men",44.16,0.736,"USA","United States",2004,"S","Athens","M",1.44e+13,293000000,22,185,83,400
"282","derrick brew","400M Men",44.42,0.740333333333333,"USA","United States",2004,"B","Athens","M",1.44e+13,293000000,26,185,81,400
"283","michael johnson","400M Men",43.49,0.724833333333333,"USA","United States",1996,"G","Atlanta","M",1.1e+13,269000000,28,183,77,400
"284","roger black","400M Men",44.41,0.740166666666667,"GBR","United Kingdom",1996,"S","Atlanta","M",1.58e+12,58200000,30,190,79,400
"285","davis kamoga","400M Men",44.53,0.742166666666667,"UGA","Uganda",1996,"B","Atlanta","M",1.82e+10,21200000,28,180,73,400
"286","rick mitchell","400M Men",44.84,0.747333333333333,"AUS","Australia",1980,"S","Moscow","M",3.39e+11,14600000,25,183,71,400
"287","vince matthews","400M Men",44.66,0.744333333333333,"USA","United States",1972,"G","Munich","M",5.5e+12,213000000,24,187,81,400
"288","wayne collett","400M Men",44.8,0.746666666666667,"USA","United States",1972,"S","Munich","M",5.5e+12,213000000,22,188,84,400
"289","julius sang","400M Men",44.92,0.748666666666667,"KEN","Kenya",1972,"B","Munich","M",2.01e+10,12100000,26,175,69,400
"290","mike larrabee","400M Men",45.1,0.751666666666667,"USA","United States",1964,"G","Tokyo","M",4.07e+12,197000000,30,186,77,400
"291","wendell mottley","400M Men",45.2,0.753333333333333,"TTO","Trinidad and Tobago",1964,"S","Tokyo","M",7.71e+09,903000,23,173,72,400
"292","andrzej badenski","400M Men",45.6,0.76,"POL","Poland",1964,"B","Tokyo","M",2.19e+11,31100000,21,173,68,400
"293","charles jenkins","400M Men",46.7,0.778333333333333,"USA","United States",1956,"G","Melbourne / Stockholm","M",3.08e+12,175000000,22,186,74,400
"294","voitto hellsten","400M Men",47,0.783333333333333,"FIN","Finland",1956,"B","Melbourne / Stockholm","M",3.79e+10,4280000,24,160,72,400
"295","arthur wint","400M Men",46.2,0.77,"JAM","Jamaica",1948,"G","London","M",4.59e+09,1350000,28,194,77,400
"296","herbert mckenley","400M Men",46.4,0.773333333333333,"JAM","Jamaica",1948,"S","London","M",4.59e+09,1350000,26,185,72,400
"297","mal whitfield","400M Men",46.9,0.781666666666667,"USA","United States",1948,"B","London","M",2.16e+12,150000000,23,185,76,400
"298","william arthur carr","400M Men",46.2,0.77,"USA","United States",1932,"G","Los Angeles","M",9.96e+11,128000000,22,172,66,400
"299","benjamin bangs eastman","400M Men",46.4,0.773333333333333,"USA","United States",1932,"S","Los Angeles","M",9.96e+11,128000000,21,185,70,400
"300","alex wilson","400M Men",47.4,0.79,"CAN","Canada",1932,"B","Los Angeles","M",6.5e+10,10800000,24,178,66,400
"301","eric liddell","400M Men",47.6,0.793333333333333,"GBR","United Kingdom",1924,"G","Paris","M",3.17e+11,44900000,22,173,68,400
"302","horatio fitch","400M Men",48.4,0.806666666666667,"USA","United States",1924,"S","Paris","M",1.16e+12,117000000,23,175,68,400
"303","charles reidpath","400M Men",48.2,0.803333333333333,"USA","United States",1912,"G","Stockholm","M",8.05e+11,97500000,22,181,76,400
"304","edward lindberg","400M Men",48.4,0.806666666666667,"USA","United States",1912,"B","Stockholm","M",8.05e+11,97500000,25,177,76,400
"305","harry hillman","400M Men",49.2,0.82,"USA","United States",1904,"G","St Louis","M",5.88e+11,83900000,22,180,66,400
"306","frank waller","400M Men",49.9,0.831666666666667,"USA","United States",1904,"S","St Louis","M",5.88e+11,83900000,20,176,71,400
"307","thomas burke","400M Men",54.2,0.903333333333333,"USA","United States",1896,"G","Athens","M",4.03e+11,72100000,21,183,66,400
"308","herbert jamison","400M Men",55.2,0.92,"USA","United States",1896,"S","Athens","M",4.03e+11,72100000,20,173,69,400
"309","kenenisa bekele","5000M Men",777.8,12.9633333333333,"ETH","Ethiopia",2008,"G","Beijing","M",7.26e+10,83200000,26,165,56,5000
"310","eliud kipchoge rotich","5000M Men",782.8,13.0466666666667,"KEN","Kenya",2008,"S","Beijing","M",7.6e+10,39100000,23,167,57,5000
"311","edwin cheruiyot soi","5000M Men",786.2,13.1033333333333,"KEN","Kenya",2008,"B","Beijing","M",7.6e+10,39100000,22,168,53,5000
"312","millon wolde","5000M Men",815.5,13.5916666666667,"ETH","Ethiopia",2000,"G","Sydney","M",4.01e+10,66500000,21,175,59,5000
"313","brahim lahlafi","5000M Men",816.5,13.6083333333333,"MAR","Morocco",2000,"B","Sydney","M",1.34e+11,28800000,32,172,62,5000
"314","paul bitok","5000M Men",792.7,13.2116666666667,"KEN","Kenya",1992,"S","Barcelona","M",4.59e+10,25000000,22,173,58,5000
"315","fita bayissa","5000M Men",793,13.2166666666667,"ETH","Ethiopia",1992,"B","Barcelona","M",2.62e+10,51600000,19,173,52,5000
"316","sa„É‚Ød aouita","5000M Men",785.6,13.0933333333333,"MAR","Morocco",1984,"G","Los Angeles","M",8.73e+10,22000000,24,175,58,5000
"317","ant„É‚≥nio leit„É‚Éo","5000M Men",789.2,13.1533333333333,"POR","Portugal",1984,"B","Los Angeles","M",1.47e+11,9980000,24,176,68,5000
"318","lasse viren","5000M Men",804.8,13.4133333333333,"FIN","Finland",1976,"G","Montreal","M",8.97e+10,4730000,26,180,60,5000
"319","dick theodorus quax","5000M Men",805.2,13.42,"NZL","New Zealand",1976,"S","Montreal","M",6.79e+10,3110000,28,183,65,5000
"320","mohamed gammoudi","5000M Men",845,14.0833333333333,"TUN","Tunisia",1968,"G","Mexico","M",1.43e+10,4840000,30,172,60,5000
"321","kip keino","5000M Men",845.2,14.0866666666667,"KEN","Kenya",1968,"S","Mexico","M",1.78e+10,10500000,28,173,66,5000
"322","naftali temu","5000M Men",846.4,14.1066666666667,"KEN","Kenya",1968,"B","Mexico","M",1.78e+10,10500000,23,174,62,5000
"323","murray halberg","5000M Men",823.4,13.7233333333333,"NZL","New Zealand",1960,"G","Rome","M",3.88e+10,2370000,27,178,62,5000
"324","kazimierz zimny","5000M Men",824.8,13.7466666666667,"POL","Poland",1960,"B","Rome","M",1.84e+11,29600000,25,172,60,5000
"325","alain mimoun","5000M Men",847.4,14.1233333333333,"FRA","France",1952,"S","Helsinki","M",3.86e+11,42400000,31,170,56,5000
"326","gunnar h„É‚ñckert","5000M Men",862.2,14.37,"FIN","Finland",1936,"G","Berlin","M",1.97e+10,3600000,26,178,68,5000
"327","lauri lehtinen","5000M Men",865.8,14.43,"FIN","Finland",1936,"S","Berlin","M",1.97e+10,3600000,27,174,64,5000
"328","henry jonsson-k„É‚Ñlarne","5000M Men",869,14.4833333333333,"SWE","Sweden",1936,"B","Berlin","M",5.04e+10,6260000,24,181,70,5000
"329","ville ritola","5000M Men",878,14.6333333333333,"FIN","Finland",1928,"G","Amsterdam","M",1.54e+10,3400000,32,175,66,5000
"330","paavo nurmi","5000M Men",880,14.6666666666667,"FIN","Finland",1928,"S","Amsterdam","M",1.54e+10,3400000,30,174,65,5000
"331","edvin wide","5000M Men",881.2,14.6866666666667,"SWE","Sweden",1928,"B","Amsterdam","M",4.07e+10,6120000,32,170,62,5000
"332","joseph guillemot","5000M Men",895.6,14.9266666666667,"FRA","France",1920,"G","Antwerp","M",2.05e+11,39100000,20,160,55,5000
"333","paavo nurmi","5000M Men",900,15,"FIN","Finland",1920,"S","Antwerp","M",9.66e+09,3140000,22,174,65,5000
"334","eric backman","5000M Men",913,15.2166666666667,"SWE","Sweden",1920,"B","Antwerp","M",3.06e+10,5870000,23,172,64,5000
"335","mohamed farah","5000M Men",821.7,13.695,"GBR","United Kingdom",2012,"G","London","M",2.18e+12,64300000,29,175,58,5000
"336","dejen gebremeskel","5000M Men",822,13.7,"ETH","Ethiopia",2012,"S","London","M",1.06e+11,92400000,22,180,58,5000
"337","thomas pkemei longosiwa","5000M Men",822.4,13.7066666666667,"KEN","Kenya",2012,"B","London","M",9.01e+10,43600000,30,175,57,5000
"338","hicham el guerrouj","5000M Men",794.4,13.24,"MAR","Morocco",2004,"G","Athens","M",1.6e+11,30200000,29,176,58,5000
"339","kenenisa bekele","5000M Men",794.6,13.2433333333333,"ETH","Ethiopia",2004,"S","Athens","M",4.83e+10,74600000,22,165,56,5000
"340","eliud kipchoge rotich","5000M Men",795.1,13.2516666666667,"KEN","Kenya",2004,"B","Athens","M",6.21e+10,35100000,19,167,57,5000
"341","venuste niyongabo","5000M Men",788,13.1333333333333,"BDI","Burundi",1996,"G","Atlanta","M",4.36e+09,6040000,22,176,60,5000
"342","paul bitok","5000M Men",788.2,13.1366666666667,"KEN","Kenya",1996,"S","Atlanta","M",5.14e+10,28100000,26,173,58,5000
"343","khalid boulami","5000M Men",788.4,13.14,"MAR","Morocco",1996,"B","Atlanta","M",1.29e+11,27500000,26,167,60,5000
"344","miruts yifter","5000M Men",801,13.35,"ETH","Ethiopia",1980,"G","Moscow","M",2.5e+10,35300000,36,162,53,5000
"345","kaarlo maaninka","5000M Men",802,13.3666666666667,"FIN","Finland",1980,"B","Moscow","M",1.03e+11,4790000,26,178,61,5000
"346","lasse viren","5000M Men",806.4,13.44,"FIN","Finland",1972,"G","Munich","M",8.11e+10,4650000,23,180,60,5000
"347","mohamed gammoudi","5000M Men",807.3,13.455,"TUN","Tunisia",1972,"S","Munich","M",2.04e+10,5290000,34,172,60,5000
"348","ian stewart","5000M Men",807.6,13.46,"GBR","United Kingdom",1972,"B","Munich","M",9.41e+11,56000000,23,178,65,5000
"349","robert keyser schul","5000M Men",828.8,13.8133333333333,"USA","United States",1964,"G","Tokyo","M",4.07e+12,197000000,27,184,66,5000
"350","bill dellinger","5000M Men",829.8,13.83,"USA","United States",1964,"B","Tokyo","M",4.07e+12,197000000,30,175,62,5000
"351","gordon pirie","5000M Men",830.6,13.8433333333333,"GBR","United Kingdom",1956,"S","Melbourne / Stockholm","M",6.05e+11,51300000,25,188,65,5000
"352","derek ibbotson","5000M Men",834.4,13.9066666666667,"GBR","United Kingdom",1956,"B","Melbourne / Stockholm","M",6.05e+11,51300000,24,175,68,5000
"353","gaston reiff","5000M Men",857.6,14.2933333333333,"BEL","Belgium",1948,"G","London","M",7.8e+10,8540000,27,173,61,5000
"354","lauri lehtinen","5000M Men",870,14.5,"FIN","Finland",1932,"G","Los Angeles","M",1.49e+10,3500000,23,174,64,5000
"355","ralph hill","5000M Men",870,14.5,"USA","United States",1932,"S","Los Angeles","M",9.96e+11,128000000,23,180,66,5000
"356","lauri virtanen","5000M Men",884,14.7333333333333,"FIN","Finland",1932,"B","Los Angeles","M",1.49e+10,3500000,27,172,68,5000
"357","paavo nurmi","5000M Men",871.2,14.52,"FIN","Finland",1924,"G","Paris","M",1.22e+10,3270000,26,174,65,5000
"358","ville ritola","5000M Men",871.4,14.5233333333333,"FIN","Finland",1924,"S","Paris","M",1.22e+10,3270000,28,175,66,5000
"359","edvin wide","5000M Men",901.8,15.03,"SWE","Sweden",1924,"B","Paris","M",3.52e+10,6020000,28,170,62,5000
"360","hannes kolehmainen","5000M Men",876.6,14.61,"FIN","Finland",1912,"G","Stockholm","M",1.01e+10,3000000,22,168,57.5,5000
"361","jean bouin","5000M Men",876.7,14.6116666666667,"FRA","France",1912,"S","Stockholm","M",2.63e+11,41500000,23,172,70,5000
"362","wilfred bungei","800M Men",104.7,1.745,"KEN","Kenya",2008,"G","Beijing","M",7.6e+10,39100000,28,172,60,800
"363","alfred kirwa yego","800M Men",104.8,1.74666666666667,"KEN","Kenya",2008,"B","Beijing","M",7.6e+10,39100000,21,175,56,800
"364","william tanui","800M Men",103.7,1.72833333333333,"KEN","Kenya",1992,"G","Barcelona","M",4.59e+10,25000000,28,183,70,800
"365","nixon kiprotich","800M Men",103.7,1.72833333333333,"KEN","Kenya",1992,"S","Barcelona","M",4.59e+10,25000000,29,185,68,800
"366","johnny gray","800M Men",104,1.73333333333333,"USA","United States",1992,"B","Barcelona","M",9.73e+12,257000000,32,191,75,800
"367","joaquim cruz","800M Men",103,1.71666666666667,"BRA","Brazil",1984,"G","Los Angeles","M",1.27e+12,133000000,21,187,74,800
"368","sebastian coe","800M Men",103.6,1.72666666666667,"GBR","United Kingdom",1984,"S","Los Angeles","M",1.16e+12,56400000,27,175,54,800
"369","earl jones","800M Men",103.8,1.73,"USA","United States",1984,"B","Los Angeles","M",7.77e+12,239000000,20,180,73,800
"370","alberto juantorena","800M Men",103.5,1.725,"CUB","Cuba",1976,"G","Montreal","M",1.12e+11,9540000,25,190,84,800
"371","ivo van damme","800M Men",103.9,1.73166666666667,"BEL","Belgium",1976,"S","Montreal","M",2.26e+11,9790000,22,191,76,800
"372","richard charles wohlhuter","800M Men",104.1,1.735,"USA","United States",1976,"B","Montreal","M",6.07e+12,221000000,27,175,60,800
"373","ralph doubell","800M Men",104.3,1.73833333333333,"AUS","Australia",1968,"G","Mexico","M",2.17e+11,12300000,23,180,65,800
"374","thomas francis farrell","800M Men",105.4,1.75666666666667,"USA","United States",1968,"B","Mexico","M",4.94e+12,206000000,24,172,64,800
"375","peter snell","800M Men",106.3,1.77166666666667,"NZL","New Zealand",1960,"G","Rome","M",3.88e+10,2370000,21,179,80,800
"376","roger moens","800M Men",106.5,1.775,"BEL","Belgium",1960,"S","Rome","M",1.12e+11,9170000,30,175,70,800
"377","mal whitfield","800M Men",109.2,1.82,"USA","United States",1952,"G","Helsinki","M",2.71e+12,163000000,27,185,76,800
"378","arthur wint","800M Men",109.4,1.82333333333333,"JAM","Jamaica",1952,"S","Helsinki","M",5.18e+09,1470000,32,194,77,800
"379","john woodruff","800M Men",112.9,1.88166666666667,"USA","United States",1936,"G","Berlin","M",1.29e+12,131000000,21,189,75,800
"380","mario lanzi","800M Men",113.3,1.88833333333333,"ITA","Italy",1936,"S","Berlin","M",2.3e+11,42700000,21,180,76,800
"381","philip edwards","800M Men",113.6,1.89333333333333,"CAN","Canada",1936,"B","Berlin","M",7.6e+10,11200000,28,176,64,800
"382","douglas lowe","800M Men",111.8,1.86333333333333,"GBR","United Kingdom",1928,"G","Amsterdam","M",3.45e+11,45600000,25,183,70,800
"383","erik byl„É‚âhn","800M Men",112.8,1.88,"SWE","Sweden",1928,"S","Amsterdam","M",4.07e+10,6120000,30,172,61,800
"384","albert hill","800M Men",113.4,1.89,"GBR","United Kingdom",1920,"G","Antwerp","M",3.09e+11,43800000,31,178,72,800
"385","earl eby","800M Men",113.6,1.89333333333333,"USA","United States",1920,"S","Antwerp","M",9.6e+11,109000000,25,179,60,800
"386","melvin sheppard","800M Men",112.8,1.88,"USA","United States",1908,"G","London","M",6.57e+11,90600000,24,177,67,800
"387","emilio lunghi","800M Men",114.2,1.90333333333333,"ITA","Italy",1908,"S","London","M",1.19e+11,35900000,21,179,70,800
"388","alfred tysoe","800M Men",121.2,2.02,"GBR","United Kingdom",1900,"G","Paris","M",2.53e+11,38000000,26,175,70,800
"389","david lekuta rudisha","800M Men",100.9,1.68166666666667,"KEN","Kenya",2012,"G","London","M",9.01e+10,43600000,23,190,76,800
"390","timothy kitum","800M Men",102.5,1.70833333333333,"KEN","Kenya",2012,"B","London","M",9.01e+10,43600000,17,172,60,800
"391","yuriy borzakovskiy","800M Men",104.5,1.74166666666667,"RUS","Russia",2004,"G","Athens","M",2.42e+12,144000000,23,183,70,800
"392","vebj„É‚∏rn rodal","800M Men",102.6,1.71,"NOR","Norway",1996,"G","Atlanta","M",2.26e+11,4390000,23,188,78,800
"393","fred onyancha","800M Men",102.8,1.71333333333333,"KEN","Kenya",1996,"B","Atlanta","M",5.14e+10,28100000,27,170,64,800
"394","steve ovett","800M Men",105.4,1.75666666666667,"GBR","United Kingdom",1980,"G","Moscow","M",1.08e+12,56300000,24,183,70,800
"395","sebastian coe","800M Men",105.9,1.765,"GBR","United Kingdom",1980,"S","Moscow","M",1.08e+12,56300000,23,175,54,800
"396","david james wottle","800M Men",105.9,1.765,"USA","United States",1972,"G","Munich","M",5.5e+12,213000000,22,183,66,800
"397","mike boit","800M Men",106,1.76666666666667,"KEN","Kenya",1972,"B","Munich","M",2.01e+10,12100000,23,180,68,800
"398","peter snell","800M Men",105.1,1.75166666666667,"NZL","New Zealand",1964,"G","Tokyo","M",4.64e+10,2580000,25,179,80,800
"399","william crothers","800M Men",105.6,1.76,"CAN","Canada",1964,"S","Tokyo","M",3.17e+11,19400000,23,183,71,800
"400","thomas courtney","800M Men",107.7,1.795,"USA","United States",1956,"G","Melbourne / Stockholm","M",3.08e+12,175000000,23,188,81,800
"401","derek johnson","800M Men",107.8,1.79666666666667,"GBR","United Kingdom",1956,"S","Melbourne / Stockholm","M",6.05e+11,51300000,23,176,66,800
"402","audun boysen","800M Men",108.1,1.80166666666667,"NOR","Norway",1956,"B","Melbourne / Stockholm","M",4.78e+10,3460000,27,181,66,800
"403","mal whitfield","800M Men",109.2,1.82,"USA","United States",1948,"G","London","M",2.16e+12,150000000,23,185,76,800
"404","arthur wint","800M Men",109.5,1.825,"JAM","Jamaica",1948,"S","London","M",4.59e+09,1350000,28,194,77,800
"405","marcel hansenne","800M Men",109.8,1.83,"FRA","France",1948,"B","London","M",3.12e+11,41200000,31,184,72,800
"406","thomas hampson","800M Men",109.8,1.83,"GBR","United Kingdom",1932,"G","Los Angeles","M",3.36e+11,46400000,24,184,69,800
"407","alex wilson","800M Men",109.9,1.83166666666667,"CAN","Canada",1932,"S","Los Angeles","M",6.5e+10,10800000,24,178,66,800
"408","douglas lowe","800M Men",112.4,1.87333333333333,"GBR","United Kingdom",1924,"G","Paris","M",3.17e+11,44900000,21,183,70,800
"409","schuyler enck","800M Men",113,1.88333333333333,"USA","United States",1924,"B","Paris","M",1.16e+12,117000000,24,178,73,800
"410","james edwin meredith","800M Men",111.9,1.865,"USA","United States",1912,"G","Stockholm","M",8.05e+11,97500000,20,175,71,800
"411","melvin sheppard","800M Men",112,1.86666666666667,"USA","United States",1912,"S","Stockholm","M",8.05e+11,97500000,28,177,67,800
"412","ira davenport","800M Men",112,1.86666666666667,"USA","United States",1912,"B","Stockholm","M",8.05e+11,97500000,24,178,72,800
"413","james lightbody","800M Men",116,1.93333333333333,"USA","United States",1904,"G","St Louis","M",5.88e+11,83900000,22,173,61,800
"414","tirunesh dibaba","10000M Women",1794.7,29.9116666666667,"ETH","Ethiopia",2008,"G","Beijing","W",7.26e+10,83200000,23,166,50,10000
"415","derartu tulu","10000M Women",1817.5,30.2916666666667,"ETH","Ethiopia",2000,"G","Sydney","W",4.01e+10,66500000,28,160,45,10000
"416","gete wami","10000M Women",1822.5,30.375,"ETH","Ethiopia",2000,"S","Sydney","W",4.01e+10,66500000,25,152,42,10000
"417","fernanda ribeiro","10000M Women",1822.9,30.3816666666667,"POR","Portugal",2000,"B","Sydney","W",2.6e+11,10400000,31,161,48,10000
"418","derartu tulu","10000M Women",1866,31.1,"ETH","Ethiopia",1992,"G","Barcelona","W",2.62e+10,51600000,20,160,45,10000
"419","lynn jennings","10000M Women",1879.9,31.3316666666667,"USA","United States",1992,"B","Barcelona","W",9.73e+12,257000000,32,165,50,10000
"420","tirunesh dibaba","10000M Women",1820.8,30.3466666666667,"ETH","Ethiopia",2012,"G","London","W",1.06e+11,92400000,27,166,50,10000
"421","sally jepkosgei kipyego","10000M Women",1826.4,30.44,"KEN","Kenya",2012,"S","London","W",9.01e+10,43600000,26,157,40,10000
"422","vivian jepkemoi cheruiyot","10000M Women",1830.4,30.5066666666667,"KEN","Kenya",2012,"B","London","W",9.01e+10,43600000,28,153,40,10000
"423","huina xing","10000M Women",1824.4,30.4066666666667,"CHN","China",2004,"G","Athens","W",7.9e+12,1310000000,20,168,48,10000
"424","ejegayehu dibaba","10000M Women",1825,30.4166666666667,"ETH","Ethiopia",2004,"S","Athens","W",4.83e+10,74600000,22,162,47,10000
"425","derartu tulu","10000M Women",1826.4,30.44,"ETH","Ethiopia",2004,"B","Athens","W",4.83e+10,74600000,32,160,45,10000
"426","fernanda ribeiro","10000M Women",1861.6,31.0266666666667,"POR","Portugal",1996,"G","Atlanta","W",2.22e+11,10200000,27,161,48,10000
"427","junxia wang","10000M Women",1862.6,31.0433333333333,"CHN","China",1996,"S","Atlanta","W",4.78e+12,1250000000,33,162,50,10000
"428","gete wami","10000M Women",1866.6,31.11,"ETH","Ethiopia",1996,"B","Atlanta","W",3.63e+10,59200000,21,152,42,10000
"429","shelly-ann fraser-pryce","100M Women",10.78,0.179666666666667,"JAM","Jamaica",2008,"G","Beijing","W",2.41e+10,2790000,21,160,57,100
"430","sherone simpson","100M Women",10.98,0.183,"JAM","Jamaica",2008,"S","Beijing","W",2.41e+10,2790000,23,163,59,100
"431","sherone simpson","100M Women",10.98,0.183,"JAM","Jamaica",2008,"S","Beijing","W",2.41e+10,2790000,24,175,61,100
"432","kerron stewart","100M Women",10.98,0.183,"JAM","Jamaica",2008,"S","Beijing","W",2.41e+10,2790000,23,163,59,100
"433","kerron stewart","100M Women",10.98,0.183,"JAM","Jamaica",2008,"S","Beijing","W",2.41e+10,2790000,24,175,61,100
"434","tanya lawrence","100M Women",11.18,0.186333333333333,"JAM","Jamaica",2000,"S","Sydney","W",2.18e+10,2660000,24,163,61,100
"435","merlene ottey","100M Women",11.19,0.1865,"JAM","Jamaica",2000,"B","Sydney","W",2.18e+10,2660000,40,175,62,100
"436","gail devers","100M Women",10.82,0.180333333333333,"USA","United States",1992,"G","Barcelona","W",9.73e+12,257000000,25,160,55,100
"437","juliet cuthbert","100M Women",10.83,0.1805,"JAM","Jamaica",1992,"S","Barcelona","W",2.16e+10,2470000,28,160,54,100
"438","evelyn ashford","100M Women",10.97,0.182833333333333,"USA","United States",1984,"G","Los Angeles","W",7.77e+12,239000000,27,165,52,100
"439","alice brown","100M Women",11.13,0.1855,"USA","United States",1984,"S","Los Angeles","W",7.77e+12,239000000,23,159,59,100
"440","merlene ottey","100M Women",11.16,0.186,"JAM","Jamaica",1984,"B","Los Angeles","W",1.69e+10,2310000,24,175,62,100
"441","wyomia tyus","100M Women",11,0.183333333333333,"USA","United States",1968,"G","Mexico","W",4.94e+12,206000000,23,172,61,100
"442","barbara ferrell","100M Women",11.1,0.185,"USA","United States",1968,"S","Mexico","W",4.94e+12,206000000,21,159,47,100
"443","irena kirszenstein","100M Women",11.1,0.185,"POL","Poland",1968,"B","Mexico","W",2.72e+11,32100000,22,176,60,100
"444","wilma rudolph","100M Women",11,0.183333333333333,"USA","United States",1960,"G","Rome","W",3.41e+12,187000000,20,180,59,100
"445","dorothy hyman","100M Women",11.3,0.188333333333333,"GBR","United Kingdom",1960,"S","Rome","W",6.76e+11,52400000,19,170,59,100
"446","giuseppina leone","100M Women",11.3,0.188333333333333,"ITA","Italy",1960,"B","Rome","W",4.63e+11,49700000,25,168,58,100
"447","marjorie jackson","100M Women",11.5,0.191666666666667,"AUS","Australia",1952,"G","Helsinki","W",1.02e+11,8620000,20,172,66,100
"448","shirley strickland","100M Women",11.9,0.198333333333333,"AUS","Australia",1952,"B","Helsinki","W",1.02e+11,8620000,26,172,57,100
"449","helen stephens","100M Women",11.5,0.191666666666667,"USA","United States",1936,"G","Berlin","W",1.29e+12,131000000,18,182,70,100
"450","stanislawa walasiewicz","100M Women",11.7,0.195,"POL","Poland",1936,"S","Berlin","W",9.74e+10,30400000,25,174,60,100
"451","elizabeth robinson","100M Women",12.2,0.203333333333333,"USA","United States",1928,"G","Amsterdam","W",1.29e+12,123000000,16,167,57,100
"452","shelly-ann fraser-pryce","100M Women",10.75,0.179166666666667,"JAM","Jamaica",2012,"G","London","W",2.32e+10,2840000,25,160,57,100
"453","carmelita jeter","100M Women",10.78,0.179666666666667,"USA","United States",2012,"S","London","W",1.61e+13,313000000,32,163,59,100
"454","veronica campbell-brown","100M Women",10.81,0.180166666666667,"JAM","Jamaica",2012,"B","London","W",2.32e+10,2840000,30,168,58,100
"455","yuliya nestsiarenka","100M Women",10.93,0.182166666666667,"BLR","Belarus",2004,"G","Athens","W",9.66e+10,9680000,25,176,62,100
"456","lauryn williams","100M Women",10.96,0.182666666666667,"USA","United States",2004,"S","Athens","W",1.44e+13,293000000,20,160,67,100
"457","veronica campbell-brown","100M Women",10.97,0.182833333333333,"JAM","Jamaica",2004,"B","Athens","W",2.3e+10,2730000,22,168,58,100
"458","gail devers","100M Women",10.94,0.182333333333333,"USA","United States",1996,"G","Atlanta","W",1.1e+13,269000000,29,160,55,100
"459","merlene ottey","100M Women",10.94,0.182333333333333,"JAM","Jamaica",1996,"S","Atlanta","W",2.21e+10,2560000,36,175,62,100
"460","gwen torrence","100M Women",10.96,0.182666666666667,"USA","United States",1996,"B","Atlanta","W",1.1e+13,269000000,31,170,57,100
"461","raelene ann boyle","100M Women",11.23,0.187166666666667,"AUS","Australia",1972,"S","Munich","W",2.62e+11,13300000,21,168,57,100
"462","silvia chivas baro","100M Women",11.24,0.187333333333333,"CUB","Cuba",1972,"B","Munich","W",9.09e+10,9030000,17,157,58,100
"463","wyomia tyus","100M Women",11.4,0.19,"USA","United States",1964,"G","Tokyo","W",4.07e+12,197000000,19,172,61,100
"464","edith mcguire","100M Women",11.6,0.193333333333333,"USA","United States",1964,"S","Tokyo","W",4.07e+12,197000000,20,173,59,100
"465","ewa klobukowska","100M Women",11.6,0.193333333333333,"POL","Poland",1964,"B","Tokyo","W",2.19e+11,31100000,18,170,60,100
"466","betty cuthbert","100M Women",11.5,0.191666666666667,"AUS","Australia",1956,"G","Melbourne / Stockholm","W",1.22e+11,9420000,18,169,57,100
"467","marlene mathews-willard","100M Women",11.7,0.195,"AUS","Australia",1956,"B","Melbourne / Stockholm","W",1.22e+11,9420000,22,170,64,100
"468","dorothy hall","100M Women",12.2,0.203333333333333,"GBR","United Kingdom",1948,"S","London","W",4.89e+11,50000000,21,165,51,100
"469","shirley strickland","100M Women",12.2,0.203333333333333,"AUS","Australia",1948,"B","London","W",8.58e+10,7750000,23,172,57,100
"470","stanislawa walasiewicz","100M Women",11.9,0.198333333333333,"POL","Poland",1932,"G","Los Angeles","W",9.47e+10,29000000,21,174,60,100
"471","hilda strike","100M Women",11.9,0.198333333333333,"CAN","Canada",1932,"S","Los Angeles","W",6.5e+10,10800000,21,159,48,100
"472","wilhelmina von bremen","100M Women",12,0.2,"USA","United States",1932,"B","Los Angeles","W",9.96e+11,128000000,22,182,68,100
"473","nancy jebet lagat","1500M Women",240.2,4.00333333333333,"KEN","Kenya",2008,"G","Beijing","W",7.6e+10,39100000,26,153,49,1500
"474","iryna lishchynska","1500M Women",241.6,4.02666666666667,"UKR","Ukraine",2008,"S","Beijing","W",4.04e+11,46200000,32,160,56,1500
"475","nataliya tobias","1500M Women",241.8,4.03,"UKR","Ukraine",2008,"B","Beijing","W",4.04e+11,46200000,27,160,48,1500
"476","violeta szekely","1500M Women",245.2,4.08666666666667,"ROU","Romania",2000,"S","Sydney","W",2.45e+11,22100000,35,169,52,1500
"477","gabriela szabo","1500M Women",245.3,4.08833333333333,"ROU","Romania",2000,"B","Sydney","W",2.45e+11,22100000,24,158,42,1500
"478","yunxia qu","1500M Women",237.1,3.95166666666667,"CHN","China",1992,"B","Barcelona","W",3.36e+12,1200000000,19,172,56,1500
"479","gabriella dorio","1500M Women",243.2,4.05333333333333,"ITA","Italy",1984,"G","Los Angeles","W",1.27e+12,56900000,27,168,55,1500
"480","doina melinte","1500M Women",243.8,4.06333333333333,"ROU","Romania",1984,"S","Los Angeles","W",3.47e+11,23000000,27,171,59,1500
"481","maricica puica","1500M Women",244.1,4.06833333333333,"ROU","Romania",1984,"B","Los Angeles","W",3.47e+11,23000000,34,168,54,1500
"482","gamze bulut","1500M Women",250.4,4.17333333333333,"TUR","Turkey",2012,"S","London","W",1.35e+12,74600000,19,166,48,1500
"483","maryam yusuf jamal","1500M Women",250.7,4.17833333333333,"BRN","Brunei",2012,"B","London","W",2.89e+10,400000,27,170,61,1500
"484","kelly holmes","1500M Women",237.9,3.965,"GBR","United Kingdom",2004,"G","Athens","W",2.07e+12,59900000,34,163,55,1500
"485","tatyana tomashova","1500M Women",238.1,3.96833333333333,"RUS","Russia",2004,"S","Athens","W",2.42e+12,144000000,29,164,50,1500
"486","maria cioncan","1500M Women",238.4,3.97333333333333,"ROU","Romania",2004,"B","Athens","W",3.06e+11,21600000,27,172,57,1500
"487","svetlana masterkova","1500M Women",240.8,4.01333333333333,"RUS","Russia",1996,"G","Atlanta","W",1.7e+12,148000000,28,168,50,1500
"488","gabriela szabo","1500M Women",241.5,4.025,"ROU","Romania",1996,"S","Atlanta","W",2.74e+11,22800000,20,158,42,1500
"489","theresia kiesl","1500M Women",243,4.05,"AUT","Austria",1996,"B","Atlanta","W",2.67e+11,8020000,32,172,60,1500
"490","paola pigni-cacchi","1500M Women",242.9,4.04833333333333,"ITA","Italy",1972,"B","Munich","W",8.47e+11,54300000,26,168,55,1500
"491","veronica campbell-brown","200M Women",21.74,0.362333333333333,"JAM","Jamaica",2008,"G","Beijing","W",2.41e+10,2790000,26,168,58,200
"492","allyson felix","200M Women",21.93,0.3655,"USA","United States",2008,"S","Beijing","W",1.54e+13,303000000,22,168,56,200
"493","kerron stewart","200M Women",22,0.366666666666667,"JAM","Jamaica",2008,"B","Beijing","W",2.41e+10,2790000,24,175,61,200
"494","beverly mcdonald","200M Women",22.35,0.3725,"JAM","Jamaica",2000,"B","Sydney","W",2.18e+10,2660000,30,169,59,200
"495","gwen torrence","200M Women",21.81,0.3635,"USA","United States",1992,"G","Barcelona","W",9.73e+12,257000000,27,170,57,200
"496","juliet cuthbert","200M Women",22.02,0.367,"JAM","Jamaica",1992,"S","Barcelona","W",2.16e+10,2470000,28,160,54,200
"497","merlene ottey","200M Women",22.09,0.368166666666667,"JAM","Jamaica",1992,"B","Barcelona","W",2.16e+10,2470000,32,175,62,200
"498","valerie brisco","200M Women",21.81,0.3635,"USA","United States",1984,"G","Los Angeles","W",7.77e+12,239000000,24,170,62,200
"499","florence griffith joyner","200M Women",22.04,0.367333333333333,"USA","United States",1984,"S","Los Angeles","W",7.77e+12,239000000,24,170,57,200
"500","merlene ottey","200M Women",22.09,0.368166666666667,"JAM","Jamaica",1984,"B","Los Angeles","W",1.69e+10,2310000,24,175,62,200
"501","irena kirszenstein","200M Women",22.5,0.375,"POL","Poland",1968,"G","Mexico","W",2.72e+11,32100000,22,176,60,200
"502","raelene ann boyle","200M Women",22.7,0.378333333333333,"AUS","Australia",1968,"S","Mexico","W",2.17e+11,12300000,17,168,57,200
"503","jennifer lamy","200M Women",22.8,0.38,"AUS","Australia",1968,"B","Mexico","W",2.17e+11,12300000,19,173,60,200
"504","wilma rudolph","200M Women",24,0.4,"USA","United States",1960,"G","Rome","W",3.41e+12,187000000,20,180,59,200
"505","dorothy hyman","200M Women",24.7,0.411666666666667,"GBR","United Kingdom",1960,"B","Rome","W",6.76e+11,52400000,19,170,59,200
"506","marjorie jackson","200M Women",23.7,0.395,"AUS","Australia",1952,"G","Helsinki","W",1.02e+11,8620000,20,172,66,200
"507","allyson felix","200M Women",21.88,0.364666666666667,"USA","United States",2012,"G","London","W",1.61e+13,313000000,26,168,56,200
"508","shelly-ann fraser-pryce","200M Women",22.09,0.368166666666667,"JAM","Jamaica",2012,"S","London","W",2.32e+10,2840000,25,160,57,200
"509","carmelita jeter","200M Women",22.14,0.369,"USA","United States",2012,"B","London","W",1.61e+13,313000000,32,163,59,200
"510","veronica campbell-brown","200M Women",22.05,0.3675,"JAM","Jamaica",2004,"G","Athens","W",2.3e+10,2730000,22,168,58,200
"511","allyson felix","200M Women",22.18,0.369666666666667,"USA","United States",2004,"S","Athens","W",1.44e+13,293000000,18,168,56,200
"512","marie-jos„É‚© p„É‚ârec","200M Women",22.12,0.368666666666667,"FRA","France",1996,"G","Atlanta","W",1.8e+12,58500000,28,180,60,200
"513","merlene ottey","200M Women",22.24,0.370666666666667,"JAM","Jamaica",1996,"S","Atlanta","W",2.21e+10,2560000,36,175,62,200
"514","merlene ottey","200M Women",22.2,0.37,"JAM","Jamaica",1980,"B","Moscow","W",1.56e+10,2160000,20,175,62,200
"515","raelene ann boyle","200M Women",22.45,0.374166666666667,"AUS","Australia",1972,"S","Munich","W",2.62e+11,13300000,21,168,57,200
"516","irena kirszenstein","200M Women",22.74,0.379,"POL","Poland",1972,"B","Munich","W",3.26e+11,33100000,26,176,60,200
"517","edith mcguire","200M Women",23,0.383333333333333,"USA","United States",1964,"G","Tokyo","W",4.07e+12,197000000,20,173,59,200
"518","irena kirszenstein","200M Women",23.1,0.385,"POL","Poland",1964,"S","Tokyo","W",2.19e+11,31100000,18,176,60,200
"519","marilyn black","200M Women",23.1,0.385,"AUS","Australia",1964,"B","Tokyo","W",1.75e+11,11100000,20,165,55,200
"520","betty cuthbert","200M Women",23.4,0.39,"AUS","Australia",1956,"G","Melbourne / Stockholm","W",1.22e+11,9420000,18,169,57,200
"521","marlene mathews-willard","200M Women",23.8,0.396666666666667,"AUS","Australia",1956,"B","Melbourne / Stockholm","W",1.22e+11,9420000,22,170,64,200
"522","audrey patterson","200M Women",25.2,0.42,"USA","United States",1948,"B","London","W",2.16e+12,150000000,21,170,51,200
"523","christine ohuruogu","400M Women",49.62,0.827,"GBR","United Kingdom",2008,"G","Beijing","W",2.21e+12,62100000,24,172,70,400
"524","shericka williams","400M Women",49.69,0.828166666666667,"JAM","Jamaica",2008,"S","Beijing","W",2.41e+10,2790000,22,170,64,400
"525","sanya richards-ross","400M Women",49.93,0.832166666666667,"USA","United States",2008,"B","Beijing","W",1.54e+13,303000000,23,173,62,400
"526","cathy freeman","400M Women",49.11,0.8185,"AUS","Australia",2000,"G","Sydney","W",6.61e+11,19100000,27,164,56,400
"527","lorraine fenton","400M Women",49.58,0.826333333333333,"JAM","Jamaica",2000,"S","Sydney","W",2.18e+10,2660000,27,174,59,400
"528","katharine merry","400M Women",49.72,0.828666666666667,"GBR","United Kingdom",2000,"B","Sydney","W",1.83e+12,59000000,25,173,62,400
"529","marie-jos„É‚© p„É‚ârec","400M Women",48.83,0.813833333333333,"FRA","France",1992,"G","Barcelona","W",1.74e+12,57500000,24,180,60,400
"530","ximena restrepo","400M Women",49.64,0.827333333333333,"COL","Colombia",1992,"B","Barcelona","W",2.73e+11,35600000,23,175,58,400
"531","valerie brisco","400M Women",48.83,0.813833333333333,"USA","United States",1984,"G","Los Angeles","W",7.77e+12,239000000,24,170,62,400
"532","chandra cheeseborough","400M Women",49.05,0.8175,"USA","United States",1984,"S","Los Angeles","W",7.77e+12,239000000,25,165,58,400
"533","kathryn smallwood-cook","400M Women",49.42,0.823666666666667,"GBR","United Kingdom",1984,"B","Los Angeles","W",1.16e+12,56400000,24,180,64,400
"534","irena kirszenstein","400M Women",49.29,0.8215,"POL","Poland",1976,"G","Montreal","W",3.98e+11,34300000,30,176,60,400
"535","colette besson","400M Women",52,0.866666666666667,"FRA","France",1968,"G","Mexico","W",8.54e+11,50100000,22,169,58,400
"536","lillian board","400M Women",52.1,0.868333333333333,"GBR","United Kingdom",1968,"S","Mexico","W",8.54e+11,55200000,19,168,60,400
"537","sanya richards-ross","400M Women",49.55,0.825833333333333,"USA","United States",2012,"G","London","W",1.61e+13,313000000,27,173,62,400
"538","christine ohuruogu","400M Women",49.7,0.828333333333333,"GBR","United Kingdom",2012,"S","London","W",2.18e+12,64300000,28,172,70,400
"539","deedee trotter","400M Women",49.72,0.828666666666667,"USA","United States",2012,"B","London","W",1.61e+13,313000000,29,178,64,400
"540","ana guevara","400M Women",49.56,0.826,"MEX","Mexico",2004,"S","Athens","W",1.58e+12,107000000,27,173,61,400
"541","natalya antyukh","400M Women",49.89,0.8315,"RUS","Russia",2004,"B","Athens","W",2.42e+12,144000000,23,182,69,400
"542","marie-jos„É‚© p„É‚ârec","400M Women",48.25,0.804166666666667,"FRA","France",1996,"G","Atlanta","W",1.8e+12,58500000,28,180,60,400
"543","cathy freeman","400M Women",48.63,0.8105,"AUS","Australia",1996,"S","Atlanta","W",5.65e+11,18300000,23,164,56,400
"544","kathleen hammond","400M Women",51.64,0.860666666666667,"USA","United States",1972,"B","Munich","W",5.5e+12,213000000,20,170,55,400
"545","betty cuthbert","400M Women",52,0.866666666666667,"AUS","Australia",1964,"G","Tokyo","W",1.75e+11,11100000,26,169,57,400
"546","ann packer","400M Women",52.2,0.87,"GBR","United Kingdom",1964,"S","Tokyo","W",7.68e+11,53900000,22,169,57,400
"547","judith florence amoore-pollock","400M Women",53.4,0.89,"AUS","Australia",1964,"B","Tokyo","W",1.75e+11,11100000,24,163,55,400
"548","tirunesh dibaba","5000M Women",941.4,15.69,"ETH","Ethiopia",2008,"G","Beijing","W",7.26e+10,83200000,23,166,50,5000
"549","elvan abeylegesse","5000M Women",942.7,15.7116666666667,"TUR","Turkey",2008,"S","Beijing","W",1.18e+12,70400000,25,159,40,5000
"550","meseret defar","5000M Women",944.1,15.735,"ETH","Ethiopia",2008,"B","Beijing","W",7.26e+10,83200000,24,159,42,5000
"551","gabriela szabo","5000M Women",880.8,14.68,"ROU","Romania",2000,"G","Sydney","W",2.45e+11,22100000,24,158,42,5000
"552","sonia o'sullivan","5000M Women",881,14.6833333333333,"IRL","Ireland",2000,"S","Sydney","W",1.41e+11,3850000,30,175,55,5000
"553","gete wami","5000M Women",882.2,14.7033333333333,"ETH","Ethiopia",2000,"B","Sydney","W",4.01e+10,66500000,25,152,42,5000
"554","meseret defar","5000M Women",904.3,15.0716666666667,"ETH","Ethiopia",2012,"G","London","W",1.06e+11,92400000,28,159,42,5000
"555","vivian jepkemoi cheruiyot","5000M Women",904.7,15.0783333333333,"KEN","Kenya",2012,"S","London","W",9.01e+10,43600000,28,153,40,5000
"556","tirunesh dibaba","5000M Women",905.2,15.0866666666667,"ETH","Ethiopia",2012,"B","London","W",1.06e+11,92400000,27,166,50,5000
"557","meseret defar","5000M Women",885.7,14.7616666666667,"ETH","Ethiopia",2004,"G","Athens","W",4.83e+10,74600000,20,159,42,5000
"558","isabella ochichi","5000M Women",888.2,14.8033333333333,"KEN","Kenya",2004,"S","Athens","W",6.21e+10,35100000,24,152,41,5000
"559","tirunesh dibaba","5000M Women",891.8,14.8633333333333,"ETH","Ethiopia",2004,"B","Athens","W",4.83e+10,74600000,19,166,50,5000
"560","junxia wang","5000M Women",899.9,14.9983333333333,"CHN","China",1996,"G","Atlanta","W",4.78e+12,1250000000,33,162,50,5000
"561","pauline konga","5000M Women",903.5,15.0583333333333,"KEN","Kenya",1996,"S","Atlanta","W",5.14e+10,28100000,26,158,43,5000
"562","roberta brunet","5000M Women",907.5,15.125,"ITA","Italy",1996,"B","Atlanta","W",1.74e+12,57200000,31,170,58,5000
"563","pamela jelimo","800M Women",114.9,1.915,"KEN","Kenya",2008,"G","Beijing","W",7.6e+10,39100000,18,175,60,800
"564","janeth jepkosgei busienei","800M Women",116.1,1.935,"KEN","Kenya",2008,"S","Beijing","W",7.6e+10,39100000,24,167,47,800
"565","hasna benhassi","800M Women",116.7,1.945,"MAR","Morocco",2008,"B","Beijing","W",1.9e+11,31600000,30,166,47,800
"566","maria mutola","800M Women",116.2,1.93666666666667,"MOZ","Mozambique",2000,"G","Sydney","W",9.12e+09,18100000,27,165,63,800
"567","stephanie graf","800M Women",116.6,1.94333333333333,"AUT","Austria",2000,"S","Sydney","W",3e+11,8070000,27,170,60,800
"568","kelly holmes","800M Women",116.8,1.94666666666667,"GBR","United Kingdom",2000,"B","Sydney","W",1.83e+12,59000000,30,163,55,800
"569","ana fidelia quirot","800M Women",116.8,1.94666666666667,"CUB","Cuba",1992,"B","Barcelona","W",1.14e+11,10700000,29,165,59,800
"570","doina melinte","800M Women",117.6,1.96,"ROU","Romania",1984,"G","Los Angeles","W",3.47e+11,23000000,27,171,59,800
"571","kim gallagher","800M Women",118.6,1.97666666666667,"USA","United States",1984,"S","Los Angeles","W",7.77e+12,239000000,20,165,47,800
"572","fita lovin","800M Women",118.8,1.98,"ROU","Romania",1984,"B","Los Angeles","W",3.47e+11,23000000,33,166,57,800
"573","madeline manning-jackson","800M Women",120.9,2.015,"USA","United States",1968,"G","Mexico","W",4.94e+12,206000000,20,175,75,800
"574","ileana silai","800M Women",122.5,2.04166666666667,"ROU","Romania",1968,"S","Mexico","W",1.98e+11,20100000,26,167,49,800
"575","brenda jones","800M Women",124.4,2.07333333333333,"AUS","Australia",1960,"S","Rome","W",1.44e+11,10300000,23,173,55,800
"576","mariya savinova","800M Women",116.2,1.93666666666667,"RUS","Russia",2012,"G","London","W",3.32e+12,143000000,26,172,60,800
"577","ekaterina poistogova","800M Women",117.5,1.95833333333333,"RUS","Russia",2012,"B","London","W",3.32e+12,143000000,21,175,65,800
"578","kelly holmes","800M Women",116.4,1.94,"GBR","United Kingdom",2004,"G","Athens","W",2.07e+12,59900000,34,163,55,800
"579","hasna benhassi","800M Women",116.4,1.94,"MAR","Morocco",2004,"S","Athens","W",1.6e+11,30200000,26,166,47,800
"580","svetlana masterkova","800M Women",117.7,1.96166666666667,"RUS","Russia",1996,"G","Atlanta","W",1.7e+12,148000000,28,168,50,800
"581","ana fidelia quirot","800M Women",118.1,1.96833333333333,"CUB","Cuba",1996,"S","Atlanta","W",1.1e+11,11000000,33,165,59,800
"582","maria mutola","800M Women",118.7,1.97833333333333,"MOZ","Mozambique",1996,"B","Atlanta","W",6.61e+09,16200000,23,165,63,800
"583","ann packer","800M Women",121.1,2.01833333333333,"GBR","United Kingdom",1964,"G","Tokyo","W",7.68e+11,53900000,22,169,57,800
"584","maryvonne dupureur","800M Women",121.9,2.03166666666667,"FRA","France",1964,"S","Tokyo","W",7.09e+11,48400000,27,167,58,800
"585","ann marise chamberlain","800M Women",122.8,2.04666666666667,"NZL","New Zealand",1964,"B","Tokyo","W",4.64e+10,2580000,28,169,55,800
